<?xml version="1.0" encoding="UTF-8"?>
<!DOCTYPE mapper PUBLIC "-//mybatis.org//DTD Mapper 3.0//EN" "http://mybatis.org/dtd/mybatis-3-mapper.dtd">

<mapper namespace="com.dao.DiscussxinwenDao">

	<!-- 可根据自己的需求，是否要使用 -->
    <resultMap type="com.entity.DiscussxinwenEntity" id="discussxinwenMap">
        <result property="refid" column="refid"/>
        <result property="userid" column="userid"/>
        <result property="nickname" column="nickname"/>
        <result property="content" column="content"/>
        <result property="reply" column="reply"/>
    </resultMap>

	<select id="selectListVO"
		resultType="com.entity.vo.DiscussxinwenVO" >
		SELECT * FROM discussxinwen  discussxinwen         
        <where> 1=1 ${ew.sqlSegment}</where>
	</select>
	
	<select id="selectVO"
		resultType="com.entity.vo.DiscussxinwenVO" >
		SELECT  discussxinwen.* FROM discussxinwen  discussxinwen 	
 		<where> 1=1 ${ew.sqlSegment}</where>
	</select>

    <select id="selectListView"
		resultType="com.entity.view.DiscussxinwenView" >

		SELECT  discussxinwen.* FROM discussxinwen  discussxinwen 	        
        <where> 1=1 ${ew.sqlSegment}</where>
	</select>
	
	<select id="selectView"
		resultType="com.entity.view.DiscussxinwenView" >
		SELECT * FROM discussxinwen  discussxinwen <where> 1=1 ${ew.sqlSegment}</where>
	</select>
	
</mapper>