<?xml version="1.0" encoding="UTF-8"?>
<!DOCTYPE mapper PUBLIC "-//mybatis.org//DTD Mapper 3.0//EN" "http://mybatis.org/dtd/mybatis-3-mapper.dtd">

<mapper namespace="com.dao.PaixingbangDao">

	<!-- 可根据自己的需求，是否要使用 -->
    <resultMap type="com.entity.PaixingbangEntity" id="paixingbangMap">
        <result property="biaoti" column="biaoti"/>
        <result property="fabushijian" column="fabushijian"/>
        <result property="neirong" column="neirong"/>
        <result property="shipin" column="shipin"/>
        <result property="faburen" column="faburen"/>
        <result property="tupian" column="tupian"/>
        <result property="thumbsupnum" column="thumbsupnum"/>
        <result property="crazilynum" column="crazilynum"/>
        <result property="clicktime" column="clicktime"/>
        <result property="clicknum" column="clicknum"/>
    </resultMap>

	<select id="selectListVO"
		resultType="com.entity.vo.PaixingbangVO" >
		SELECT * FROM paixingbang  paixingbang         
        <where> 1=1 ${ew.sqlSegment}</where>
	</select>
	
	<select id="selectVO"
		resultType="com.entity.vo.PaixingbangVO" >
		SELECT  paixingbang.* FROM paixingbang  paixingbang 	
 		<where> 1=1 ${ew.sqlSegment}</where>
	</select>

    <select id="selectListView"
		resultType="com.entity.view.PaixingbangView" >

		SELECT  paixingbang.* FROM paixingbang  paixingbang 	        
        <where> 1=1 ${ew.sqlSegment}</where>
	</select>
	
	<select id="selectView"
		resultType="com.entity.view.PaixingbangView" >
		SELECT * FROM paixingbang  paixingbang <where> 1=1 ${ew.sqlSegment}</where>
	</select>
	
</mapper>