<?xml version="1.0" encoding="UTF-8"?>
<!DOCTYPE mapper PUBLIC "-//mybatis.org//DTD Mapper 3.0//EN" "http://mybatis.org/dtd/mybatis-3-mapper.dtd">

<mapper namespace="com.dao.XinwenDao">

	<!-- 可根据自己的需求，是否要使用 -->
    <resultMap type="com.entity.XinwenEntity" id="xinwenMap">
        <result property="biaoti" column="biaoti"/>
        <result property="neirong" column="neirong"/>
        <result property="shipin" column="shipin"/>
        <result property="fabushijian" column="fabushijian"/>
        <result property="faburen" column="faburen"/>
        <result property="fengmian" column="fengmian"/>
        <result property="thumbsupnum" column="thumbsupnum"/>
        <result property="crazilynum" column="crazilynum"/>
        <result property="clicktime" column="clicktime"/>
        <result property="clicknum" column="clicknum"/>
    </resultMap>

	<select id="selectListVO"
		resultType="com.entity.vo.XinwenVO" >
		SELECT * FROM xinwen  xinwen         
        <where> 1=1 ${ew.sqlSegment}</where>
	</select>
	
	<select id="selectVO"
		resultType="com.entity.vo.XinwenVO" >
		SELECT  xinwen.* FROM xinwen  xinwen 	
 		<where> 1=1 ${ew.sqlSegment}</where>
	</select>

    <select id="selectListView"
		resultType="com.entity.view.XinwenView" >

		SELECT  xinwen.* FROM xinwen  xinwen 	        
        <where> 1=1 ${ew.sqlSegment}</where>
	</select>
	
	<select id="selectView"
		resultType="com.entity.view.XinwenView" >
		SELECT * FROM xinwen  xinwen <where> 1=1 ${ew.sqlSegment}</where>
	</select>
	
</mapper>